Category,Title,Link to PDF
Southern Appalachian Culture,Agriculture,"http://www.lib.utk.edu/arrowmont/Steve/Agriculture,%206-19.pdf"
Southern Appalachian Culture,Economics and Social Class,"http://www.lib.utk.edu/arrowmont/Steve/Economics,%206-23.pdf"
Southern Appalachian Culture,Education,"http://www.lib.utk.edu/arrowmont/Steve/Education,%206-19.pdf"
Southern Appalachian Culture,Gender,"http://www.lib.utk.edu/arrowmont/Steve/Gender,%205-15.pdf"
Southern Appalachian Culture,Health & Family in Southern Appalachia,http://www.lib.utk.edu/arrowmont/Steve/Health%20and%20Family%20in%20Southern%20Appalachia.pdf
Southern Appalachian Culture,Recreation in Southern Appalachia,"http://www.lib.utk.edu/arrowmont/Steve/Recreation%20in%20Southern%20Appalachia,%204-19.pdf"
Southern Appalachian Culture,Religion,"http://www.lib.utk.edu/arrowmont/Steve/Religion,%206-20.pdf"
Health and Family,Health & Family in Southern Appalachia,http://www.lib.utk.edu/arrowmont/Steve/Health%20and%20Family%20in%20Southern%20Appalachia.pdf
Health and Family,Jennie Nicol Memorial Health Center,"http://www.lib.utk.edu/arrowmont/Steve/Jennie%20Nicol%20Memorial%20Health%20Center,%206-19.pdf"
Health and Family,Pi Beta Phi Health Care Program,"http://www.lib.utk.edu/arrowmont/Steve/Pi%20Beta%20Phi%20Health%20Care%20Program,%206-13.pdf"
Progressivism,The Origins of Progressivism,"http://www.lib.utk.edu/arrowmont/Steve/The%20Origins%20of%20Progressivism,%20final.pdf"
Progressivism,Progressive Environmentalism,http://www.lib.utk.edu/arrowmont/Steve/Progressive%20Environmentalism.pdf
Progressivism,The American Settlement House Movement,http://www.lib.utk.edu/arrowmont/Steve/American%20Settlement%20House%20Movement.pdf
Progressivism,The Founding of the Pi Beta Phi Settlement School,http://www.lib.utk.edu/arrowmont/Steve/The%20Founding%20of%20Pi%20Beta%20Phi%20Settlement%20School.pdf
Progressivism,The Founding of the Great Smoky Mountains National Park,"http://www.lib.utk.edu/arrowmont/Steve/The%20Great%20Smoky%20Mountains,%201-16.pdf"
Progressivism,Impact of the Great Smoky Mountains National Park on Gatlinburg,"http://www.lib.utk.edu/arrowmont/Steve/Impact%20GSMNP,%203-15.pdf"
Arts and Handicrafts,Origins of the American Handicrafts Revival,http://www.lib.utk.edu/arrowmont/Steve/Origins%20of%20the%20American%20Handicrafts%20Revival.pdf
Arts and Handicrafts,The Summer Workshop,http://www.lib.utk.edu/arrowmont/Steve/The%20Summer%20Workshop.pdf
Arts and Handicrafts,The Founding of Arrowcraft,http://www.lib.utk.edu/arrowmont/Steve/Arrowcraft.pdf
Arts and Handicrafts,The Impact of Arrowcraft on Gatlinburg,http://www.lib.utk.edu/arrowmont/Steve/Impact%20of%20Arrowcraft%20on%20Gatlinburg.pdf
Arts and Handicrafts,The Founding of Arrowmont,"http://www.lib.utk.edu/arrowmont/Steve/The%20Founding%20of%20Arrowmont,%2010-03.pdf"
Arts and Handicrafts,Contemporary Arrowmont,http://www.lib.utk.edu/arrowmont/Steve/Contemporary%20Arrowmont.pdf
Student Life,Education,"http://www.lib.utk.edu/arrowmont/Steve/Education,%206-19.pdf"
Student Life,School and Community Growth,"http://www.lib.utk.edu/arrowmont/Steve/School%20and%20Community%20Growth,%20final,%2010-3.pdf"
Student Life,Curriculum,http://www.lib.utk.edu/arrowmont/Steve/Curriculum.pdf
Student Life,Recreation in the Pi Beta Phi Era,http://www.lib.utk.edu/arrowmont/Steve/Recreation%20in%20the%20Pi%20Beta%20Phi%20Era.pdf